repository,errors,error
,,
Anuken-Mindustry,,No columns to parse from file
openjdk-jdk,,No columns to parse from file
projectlombok-lombok,,No columns to parse from file
Grasscutters-Grasscutter,,No columns to parse from file
aosp-mirror-platform_frameworks_base,,No columns to parse from file
checkstyle-checkstyle,,No columns to parse from file
trinodb-trino,,No columns to parse from file
google-j2objc,,No columns to parse from file
reactor-reactor-core,,No columns to parse from file
Col-E-Recaf,,No columns to parse from file
alibaba-dragonwell8,,No columns to parse from file
